text,expected_intent,label_basis
冷站此刻的制冷系统总功率是多少,mon.read,明确查询单一冷站测点、设备状态或历史读数；不包含比较或控制要求
请查三号冷机当前的蒸发温度,mon.read,明确查询单一冷站测点、设备状态或历史读数；不包含比较或控制要求
昨晚十一点冷冻水供水压力读数是多少,mon.read,明确查询单一冷站测点、设备状态或历史读数；不包含比较或控制要求
看看现在冷却水供回水温差,mon.read,明确查询单一冷站测点、设备状态或历史读数；不包含比较或控制要求
今天早班机房累计用电量能查吗,mon.read,明确查询单一冷站测点、设备状态或历史读数；不包含比较或控制要求
二号冷冻泵目前是不是运行状态,mon.read,明确查询单一冷站测点、设备状态或历史读数；不包含比较或控制要求
调出上个小时的冷站综合COP曲线,mon.read,明确查询单一冷站测点、设备状态或历史读数；不包含比较或控制要求
室外湿球温度现在读多少,mon.read,明确查询单一冷站测点、设备状态或历史读数；不包含比较或控制要求
当前冷却塔投入运行的台数是多少,mon.read,明确查询单一冷站测点、设备状态或历史读数；不包含比较或控制要求
帮我读一下冷水机组的负荷率,mon.read,明确查询单一冷站测点、设备状态或历史读数；不包含比较或控制要求
昨天中午机房总制冷量是多少,mon.read,明确查询单一冷站测点、设备状态或历史读数；不包含比较或控制要求
查最近半小时冷冻水回水温度走势,mon.read,明确查询单一冷站测点、设备状态或历史读数；不包含比较或控制要求
现在冷却水主管流量是多少,mon.read,明确查询单一冷站测点、设备状态或历史读数；不包含比较或控制要求
一号冷机今天启动过几次,mon.read,明确查询单一冷站测点、设备状态或历史读数；不包含比较或控制要求
本日到目前为止冷站耗电多少,mon.read,明确查询单一冷站测点、设备状态或历史读数；不包含比较或控制要求
比较本月与上月冷站平均COP,mon.compare,明确比较两个时段、设备、指标或工况；属于只读对比
一号和三号冷机现在谁的负荷率更高,mon.compare,明确比较两个时段、设备、指标或工况；属于只读对比
把优化前后的机房耗电量做个对照,mon.compare,明确比较两个时段、设备、指标或工况；属于只读对比
昨天白班与夜班的供水温度差别大吗,mon.compare,明确比较两个时段、设备、指标或工况；属于只读对比
今年夏季冷站效率比去年同期怎样,mon.compare,明确比较两个时段、设备、指标或工况；属于只读对比
冷却水泵A和B的当前频率相差多少,mon.compare,明确比较两个时段、设备、指标或工况；属于只读对比
对比工作日和节假日的机房峰值功率,mon.compare,明确比较两个时段、设备、指标或工况；属于只读对比
维修前后冷机出水温度有没有变化,mon.compare,明确比较两个时段、设备、指标或工况；属于只读对比
今天早高峰比晚高峰多用了多少电,mon.compare,明确比较两个时段、设备、指标或工况；属于只读对比
两组冷却塔的逼近度哪组更小,mon.compare,明确比较两个时段、设备、指标或工况；属于只读对比
本周寻优前后的综合能效变化如何,mon.compare,明确比较两个时段、设备、指标或工况；属于只读对比
同一负荷下模式甲和模式乙的COP谁好,mon.compare,明确比较两个时段、设备、指标或工况；属于只读对比
对照昨天此时和现在的室外湿球,mon.compare,明确比较两个时段、设备、指标或工况；属于只读对比
比较两台机组过去一小时的启停次数,mon.compare,明确比较两个时段、设备、指标或工况；属于只读对比
今天白班和夜班，冷冻水供水温度与设定值的偏差哪个时段更大？,mon.compare,明确比较两个时段、设备、指标或工况；属于只读对比
本轮寻优推荐的设备组合是什么,opt.read,读取寻优推荐内容、参数或方案；不要求页面跳转或设备下发
告诉我最新优化方案给出的供水设定值,opt.read,读取寻优推荐内容、参数或方案；不要求页面跳转或设备下发
读取刚才那次计算生成的推荐参数,opt.read,读取寻优推荐内容、参数或方案；不要求页面跳转或设备下发
系统建议这轮开几台冷机,opt.read,读取寻优推荐内容、参数或方案；不要求页面跳转或设备下发
把本次节能优化的结果内容列出来,opt.read,读取寻优推荐内容、参数或方案；不要求页面跳转或设备下发
上一轮寻优最终选中了哪个运行模式,opt.read,读取寻优推荐内容、参数或方案；不要求页面跳转或设备下发
我想查看推荐方案里的水泵频率,opt.read,读取寻优推荐内容、参数或方案；不要求页面跳转或设备下发
这次计算给冷却塔安排了什么组合,opt.read,读取寻优推荐内容、参数或方案；不要求页面跳转或设备下发
只展示当前寻优建议，不要切换页面,opt.read,读取寻优推荐内容、参数或方案；不要求页面跳转或设备下发
最新方案预计采用哪组设备搭配,opt.read,读取寻优推荐内容、参数或方案；不要求页面跳转或设备下发
查询本轮优化输出的参数清单,opt.read,读取寻优推荐内容、参数或方案；不要求页面跳转或设备下发
系统为当前负荷推荐了哪种控制模式,opt.read,读取寻优推荐内容、参数或方案；不要求页面跳转或设备下发
把最近一次寻优的建议摘要发给我,opt.read,读取寻优推荐内容、参数或方案；不要求页面跳转或设备下发
寻优完成后给出的目标温度是多少,opt.read,读取寻优推荐内容、参数或方案；不要求页面跳转或设备下发
我只需要看方案内容，不执行任何设备操作,opt.read,读取寻优推荐内容、参数或方案；不要求页面跳转或设备下发
带我进入冷站智能寻优主页,nav.opt,明确要求进入智能寻优页面；不读取推荐内容
把界面切换到优化功能模块,nav.opt,明确要求进入智能寻优页面；不读取推荐内容
打开智能寻优操作入口,nav.opt,明确要求进入智能寻优页面；不读取推荐内容
跳转到冷站优化页面,nav.opt,明确要求进入智能寻优页面；不读取推荐内容
导航至寻优功能的主界面,nav.opt,明确要求进入智能寻优页面；不读取推荐内容
我想去看智能优化菜单,nav.opt,明确要求进入智能寻优页面；不读取推荐内容
请进入方案寻优页面，不用展示结果,nav.opt,明确要求进入智能寻优页面；不读取推荐内容
将当前界面换成寻优工作台,nav.opt,明确要求进入智能寻优页面；不读取推荐内容
打开冷站优化功能页,nav.opt,明确要求进入智能寻优页面；不读取推荐内容
帮我定位到智能寻优入口,nav.opt,明确要求进入智能寻优页面；不读取推荐内容
切到可以发起寻优任务的页面,nav.opt,明确要求进入智能寻优页面；不读取推荐内容
进入能效优化模块的操作界面,nav.opt,明确要求进入智能寻优页面；不读取推荐内容
请把寻优页面调出来,nav.opt,明确要求进入智能寻优页面；不读取推荐内容
转到智能优化功能区,nav.opt,明确要求进入智能寻优页面；不读取推荐内容
返回寻优模块首页,nav.opt,明确要求进入智能寻优页面；不读取推荐内容
打开冷站能效总览主页,nav.overview,明确要求进入能效或智能总览页面
跳到智能助手的总览看板,nav.overview,明确要求进入能效或智能总览页面
切换到系统运行总览页面,nav.overview,明确要求进入能效或智能总览页面
带我去冷站综合概览,nav.overview,明确要求进入能效或智能总览页面
进入能效管理首页,nav.overview,明确要求进入能效或智能总览页面
请显示智能总览界面,nav.overview,明确要求进入能效或智能总览页面
导航到冷站总览看板,nav.overview,明确要求进入能效或智能总览页面
返回系统概览主页,nav.overview,明确要求进入能效或智能总览页面
打开全局能效总览页面,nav.overview,明确要求进入能效或智能总览页面
我想进入冷站运营总览,nav.overview,明确要求进入能效或智能总览页面
把页面切到综合看板,nav.overview,明确要求进入能效或智能总览页面
跳转至能效助手首页,nav.overview,明确要求进入能效或智能总览页面
进入冷站运行概览界面,nav.overview,明确要求进入能效或智能总览页面
请调出智能总览菜单,nav.overview,明确要求进入能效或智能总览页面
带我回到总览页,nav.overview,明确要求进入能效或智能总览页面
进入冷站仿真分析中心,nav.sim,明确要求进入冷站仿真中心或仿真分析页面
打开系统仿真功能页,nav.sim,明确要求进入冷站仿真中心或仿真分析页面
把当前页面切到仿真模块,nav.sim,明确要求进入冷站仿真中心或仿真分析页面
导航到冷机运行模拟界面,nav.sim,明确要求进入冷站仿真中心或仿真分析页面
跳转至冷站仿真工作台,nav.sim,明确要求进入冷站仿真中心或仿真分析页面
我想进入方案模拟页面,nav.sim,明确要求进入冷站仿真中心或仿真分析页面
请显示仿真中心主页,nav.sim,明确要求进入冷站仿真中心或仿真分析页面
带我去能效仿真入口,nav.sim,明确要求进入冷站仿真中心或仿真分析页面
打开冷站数字仿真界面,nav.sim,明确要求进入冷站仿真中心或仿真分析页面
切换到工况模拟模块,nav.sim,明确要求进入冷站仿真中心或仿真分析页面
返回仿真分析首页,nav.sim,明确要求进入冷站仿真中心或仿真分析页面
进入可以做运行模拟的页面,nav.sim,明确要求进入冷站仿真中心或仿真分析页面
请调出冷站仿真菜单,nav.sim,明确要求进入冷站仿真中心或仿真分析页面
跳到设备组合模拟界面,nav.sim,明确要求进入冷站仿真中心或仿真分析页面
导航至系统仿真页面,nav.sim,明确要求进入冷站仿真中心或仿真分析页面
进入历次寻优任务记录页,nav.history,明确要求进入寻优历史记录页面；不读取某轮方案内容
打开智能优化历史列表,nav.history,明确要求进入寻优历史记录页面；不读取某轮方案内容
跳转到寻优记录查询界面,nav.history,明确要求进入寻优历史记录页面；不读取某轮方案内容
把页面切换到历史方案菜单,nav.history,明确要求进入寻优历史记录页面；不读取某轮方案内容
导航至过去的优化任务页面,nav.history,明确要求进入寻优历史记录页面；不读取某轮方案内容
我想进入寻优历史主页,nav.history,明确要求进入寻优历史记录页面；不读取某轮方案内容
请显示历次优化记录列表,nav.history,明确要求进入寻优历史记录页面；不读取某轮方案内容
带我去历史寻优入口,nav.history,明确要求进入寻优历史记录页面；不读取某轮方案内容
打开冷站优化任务档案页,nav.history,明确要求进入寻优历史记录页面；不读取某轮方案内容
返回寻优历史界面,nav.history,明确要求进入寻优历史记录页面；不读取某轮方案内容
切到以往优化记录页面,nav.history,明确要求进入寻优历史记录页面；不读取某轮方案内容
进入历史寻优任务看板,nav.history,明确要求进入寻优历史记录页面；不读取某轮方案内容
请调出优化历史菜单,nav.history,明确要求进入寻优历史记录页面；不读取某轮方案内容
跳到以前的寻优任务列表,nav.history,明确要求进入寻优历史记录页面；不读取某轮方案内容
导航到寻优历史，不用打开具体方案,nav.history,明确要求进入寻优历史记录页面；不读取某轮方案内容
这个看起来怎么样,clarify,缺少明确对象、范围或上下文，无法确定具体业务处理
麻烦再处理一下,clarify,缺少明确对象、范围或上下文，无法确定具体业务处理
刚才那个还正常吗,clarify,缺少明确对象、范围或上下文，无法确定具体业务处理
现在应该怎么办,clarify,缺少明确对象、范围或上下文，无法确定具体业务处理
帮我看看有没有问题,clarify,缺少明确对象、范围或上下文，无法确定具体业务处理
之前提到的还能用吗,clarify,缺少明确对象、范围或上下文，无法确定具体业务处理
能再说清楚一点吗,clarify,缺少明确对象、范围或上下文，无法确定具体业务处理
今天整体表现行不行,clarify,缺少明确对象、范围或上下文，无法确定具体业务处理
这个结果靠谱吗,clarify,缺少明确对象、范围或上下文，无法确定具体业务处理
下一步需要做什么,clarify,缺少明确对象、范围或上下文，无法确定具体业务处理
刚刚的情况有变化吗,clarify,缺少明确对象、范围或上下文，无法确定具体业务处理
它为什么会这样,clarify,缺少明确对象、范围或上下文，无法确定具体业务处理
那项数据还在吗,clarify,缺少明确对象、范围或上下文，无法确定具体业务处理
请继续刚才的操作,clarify,缺少明确对象、范围或上下文，无法确定具体业务处理
现在算解决了吗,clarify,缺少明确对象、范围或上下文，无法确定具体业务处理
立即关闭三号冷冻水泵,reject_control,明确要求改变设备状态、参数或执行下发；查询与控制混合时拒控优先
把一号冷机切换为手动运行,reject_control,明确要求改变设备状态、参数或执行下发；查询与控制混合时拒控优先
将冷却塔风机频率设成三十五赫兹,reject_control,明确要求改变设备状态、参数或执行下发；查询与控制混合时拒控优先
先读供水压力，然后把旁通阀关小,reject_control,明确要求改变设备状态、参数或执行下发；查询与控制混合时拒控优先
执行最新推荐中的设备启停组合,reject_control,明确要求改变设备状态、参数或执行下发；查询与控制混合时拒控优先
给二号冷机下发七度出水设定值,reject_control,明确要求改变设备状态、参数或执行下发；查询与控制混合时拒控优先
把所有运行冷却泵停下来,reject_control,明确要求改变设备状态、参数或执行下发；查询与控制混合时拒控优先
读取当前湿球温度后启动四号机组,reject_control,明确要求改变设备状态、参数或执行下发；查询与控制混合时拒控优先
直接把推荐参数写进控制器,reject_control,明确要求改变设备状态、参数或执行下发；查询与控制混合时拒控优先
请提高冷却塔风机转速到百分之七十,reject_control,明确要求改变设备状态、参数或执行下发；查询与控制混合时拒控优先
把机房运行模式改成自动,reject_control,明确要求改变设备状态、参数或执行下发；查询与控制混合时拒控优先
现在开启备用冷冻水泵,reject_control,明确要求改变设备状态、参数或执行下发；查询与控制混合时拒控优先
先查询冷机负荷，再停止一号机,reject_control,明确要求改变设备状态、参数或执行下发；查询与控制混合时拒控优先
将冷冻水阀门开度调到百分之六十,reject_control,明确要求改变设备状态、参数或执行下发；查询与控制混合时拒控优先
按这套方案执行冷机切换,reject_control,明确要求改变设备状态、参数或执行下发；查询与控制混合时拒控优先
冷站综合能效比是怎么定义的,internal.explain,询问冷站专业概念、指标含义或运行机制；不查询实时读数
为什么室外湿球会影响冷却塔性能,internal.explain,询问冷站专业概念、指标含义或运行机制；不查询实时读数
冷冻水供回水温差代表什么,internal.explain,询问冷站专业概念、指标含义或运行机制；不查询实时读数
解释一下冷机部分负荷效率,internal.explain,询问冷站专业概念、指标含义或运行机制；不查询实时读数
冷却塔逼近度的计算逻辑是什么,internal.explain,询问冷站专业概念、指标含义或运行机制；不查询实时读数
冷冻泵和冷却泵分别承担什么作用,internal.explain,询问冷站专业概念、指标含义或运行机制；不查询实时读数
为什么冷站需要设置压差目标,internal.explain,询问冷站专业概念、指标含义或运行机制；不查询实时读数
机组负荷率这个指标怎么理解,internal.explain,询问冷站专业概念、指标含义或运行机制；不查询实时读数
寻优算法为什么要考虑设备组合,internal.explain,询问冷站专业概念、指标含义或运行机制；不查询实时读数
累计COP的定义和计算口径是什么？,internal.explain,询问冷站专业概念、指标含义或运行机制；不查询实时读数
冷机额定制冷量指的是什么,internal.explain,询问冷站专业概念、指标含义或运行机制；不查询实时读数
为什么供水温度设定会影响耗电,internal.explain,询问冷站专业概念、指标含义或运行机制；不查询实时读数
冷站水系统的变流量机制是什么,internal.explain,询问冷站专业概念、指标含义或运行机制；不查询实时读数
什么叫冷却水温差,internal.explain,询问冷站专业概念、指标含义或运行机制；不查询实时读数
能效寻优通常依据哪些运行约束,internal.explain,询问冷站专业概念、指标含义或运行机制；不查询实时读数
按最新优化方案估算今天能省多少电费,internal.savings_estimate,要求根据寻优或节能方案估算节电量或费用；结果需声明仅供参考
如果采用推荐组合，本周节电量大概是多少,internal.savings_estimate,要求根据寻优或节能方案估算节电量或费用；结果需声明仅供参考
粗算一下这轮寻优带来的月度用电成本下降,internal.savings_estimate,要求根据寻优或节能方案估算节电量或费用；结果需声明仅供参考
这套方案全年大约能减少多少电费,internal.savings_estimate,要求根据寻优或节能方案估算节电量或费用；结果需声明仅供参考
根据当前建议估计每班能省多少度电,internal.savings_estimate,要求根据寻优或节能方案估算节电量或费用；结果需声明仅供参考
本轮优化的节能收益能不能做个参考测算,internal.savings_estimate,要求根据寻优或节能方案估算节电量或费用；结果需声明仅供参考
执行推荐参数后预计电费会降低多少,internal.savings_estimate,要求根据寻优或节能方案估算节电量或费用；结果需声明仅供参考
估一下设备组合调整带来的日电量节省,internal.savings_estimate,要求根据寻优或节能方案估算节电量或费用；结果需声明仅供参考
按这次寻优结果计算一周的费用收益,internal.savings_estimate,要求根据寻优或节能方案估算节电量或费用；结果需声明仅供参考
推荐模式甲比当前模式能省多少钱,internal.savings_estimate,要求根据寻优或节能方案估算节电量或费用；结果需声明仅供参考
请给出本月节能电费的粗略估计,internal.savings_estimate,要求根据寻优或节能方案估算节电量或费用；结果需声明仅供参考
若照方案运行，季度用电成本能少多少,internal.savings_estimate,要求根据寻优或节能方案估算节电量或费用；结果需声明仅供参考
想知道这轮优化对应的节电收益,internal.savings_estimate,要求根据寻优或节能方案估算节电量或费用；结果需声明仅供参考
根据建议的运行时段估算峰谷电费差额,internal.savings_estimate,要求根据寻优或节能方案估算节电量或费用；结果需声明仅供参考
这套推荐投入使用后预计节省多少能源费用,internal.savings_estimate,要求根据寻优或节能方案估算节电量或费用；结果需声明仅供参考
查看报警中心今天的全部告警,internal.capability_missing,请求当前Demo未接入的告警、碳、源网荷储等外部能力
打开碳排放核算看板,internal.capability_missing,请求当前Demo未接入的告警、碳、源网荷储等外部能力
查询源网荷储系统的实时调度计划,internal.capability_missing,请求当前Demo未接入的告警、碳、源网荷储等外部能力
帮我读取碳交易账户的可用余额,internal.capability_missing,请求当前Demo未接入的告警、碳、源网荷储等外部能力
调出设备维修工单列表,internal.capability_missing,请求当前Demo未接入的告警、碳、源网荷储等外部能力
预测明天园区光伏发电量,internal.capability_missing,请求当前Demo未接入的告警、碳、源网荷储等外部能力
查询电网侧现货交易价格,internal.capability_missing,请求当前Demo未接入的告警、碳、源网荷储等外部能力
打开消防联动监控页面,internal.capability_missing,请求当前Demo未接入的告警、碳、源网荷储等外部能力
查看冷机厂家远程维保记录,internal.capability_missing,请求当前Demo未接入的告警、碳、源网荷储等外部能力
给我本月碳配额使用情况,internal.capability_missing,请求当前Demo未接入的告警、碳、源网荷储等外部能力
源网荷储应该如何分配充放电功率,internal.capability_missing,请求当前Demo未接入的告警、碳、源网荷储等外部能力
查询楼宇门禁系统的异常记录,internal.capability_missing,请求当前Demo未接入的告警、碳、源网荷储等外部能力
查看告警平台里未确认的事件,internal.capability_missing,请求当前Demo未接入的告警、碳、源网荷储等外部能力
打开能源采购合同管理模块,internal.capability_missing,请求当前Demo未接入的告警、碳、源网荷储等外部能力
读取园区储能电池当前SOC,internal.capability_missing,请求当前Demo未接入的告警、碳、源网荷储等外部能力
